Date,League,Entry,Type,Investment,Odds,Gain,Result
2022-10-18,NBA,Embiid DD + Harris ab. 19 pts,Pair,10,1.71,7.100000000000001,Green
2022-10-18,NBA,"Brown 1ºqt ac. 5,5 pts",Points,10,1.8,8.0,Red
2022-10-18,NBA,"Celtics ac. 55,5 pts 1T",Total,10,1.86,8.600000000000001,Green
2022-10-18,NBA,"Maxey 15 pts + White ac. 6,5 pts",Pair,10,1.57,5.700000000000001,Red
2022-10-18,NBA,"GSW ac. 57,5 pts",Total,10,1.9,9.0,Green
2022-10-18,NBA,"Davis ac. 9,5 rebotes",Rebounds,10,1.9,9.0,Red
2022-10-18,NBA,"Curry ac. 23,5 pts",Points,10,1.9,9.0,Green
2022-10-18,NBA,GSW vence + Lebron 2 3pt,Pair,10,1.62,6.200000000000003,Green
2022-10-18,NBA,"Brown ac. 22,5 pts",Points,10,1.8,8.0,Green
2022-10-18,NBA,"Embiid ac. 10,5 rebotes",Rebounds,10,1.68,6.800000000000001,Green
2022-10-19,NBA,Ivey 3 ast,Assists,10,1.54,5.4,Green
2022-10-19,NBA,"Bey ac. 17,5 pts",Points,10,1.86,8.600000000000001,Red
2022-10-19,NBA,"Carter Jr ac. 2,5 ast",Assists,10,1.71,7.100000000000001,Green
2022-10-19,NBA,"Heat -6,5",Handicap,10,1.71,7.100000000000001,Red
2022-10-19,NBA,"Lowry 1,5 TO",Turnovers,10,1.74,7.399999999999999,Green
2022-10-19,NBA,"Derozan ac. 21,5 pts + Bulls ac. 46,5 pts",Pair,10,1.66,6.599999999999998,Green
2022-10-19,NBA,"Anunoby ac. 15,5 pts",Points,10,1.83,8.3,Green
2022-10-19,NBA,"Garland ac. 6,5 ast",Assists,10,1.74,7.399999999999999,Red
2022-10-19,NBA,"Green ac. 22,5 pts",Points,10,1.86,8.600000000000001,Red
2022-10-19,NBA,"McCollum ac. 4,5 ast",Assists,10,1.83,8.3,Green
2022-10-19,NBA,"Nets ac. 55,5 pts",Total,10,1.57,5.700000000000001,Red
2022-10-19,NBA,Simmons 7 ast,Assists,10,1.55,5.5,Red
2022-10-19,NBA,"Hayward ac. 15,5 pts",Points,10,1.86,8.600000000000001,Green
2022-10-19,NBA,"Vassell ac. 16,5 pts",Points,10,1.95,9.5,Red
2022-10-19,NBA,"Barton ac. 2,5 ast",Assists,10,1.64,6.399999999999999,Green
2022-10-19,NBA,"Haliburton ac. 19,5 pts",Points,10,1.71,7.100000000000001,Green
2022-10-19,NBA,Barrett 20 pts,Points,10,1.57,5.700000000000001,Red
2022-10-19,NBA,Grizzlies ,ML,10,1.55,5.5,Green
2022-10-19,NBA,"Giddey ac. 5,5 ast",Assists,10,1.71,7.100000000000001,Red
2022-10-19,NBA,Gobert DD + Russell sem DD,Pair,10,1.86,8.600000000000001,Green
2022-10-19,NBA,Nuggets vencer + Jokic 10 reb,Pair,10,1.66,6.599999999999998,Red
2022-10-19,NBA,"Markkanen ac. 17,5 pts",Points,10,1.86,8.600000000000001,Red
2022-10-19,NBA,"Mavs x Suns ac. 107,5 pts",Total,10,1.5,5.0,Red
2022-10-19,NBA,"Ayton ac. 9,5 rebotes",Rebounds,10,1.66,6.599999999999998,Green
2022-10-19,NBA,"Sabonis ac. 5,5 assistências",Assists,10,2.3,13.0,Red
2022-10-20,NBA,"Holiday ac. 4,5 reb",Rebounds,10,1.83,8.3,Green
2022-10-20,NBA,"Bucks x Sixers ac. 107,5 pts",Total,10,1.66,6.599999999999998,Red
2022-10-20,NBA,"Maxey 15 pts + Melton ab. 0,5 blk",Pair,10,2.15,11.5,Green
2022-10-20,NBA,"Melton ab. 0,5 blk",Blocks,10,1.62,6.200000000000003,Green
2022-10-20,NBA,"Lebron ac. 14,5 ast + reb",Ast + Reb,10,1.76,7.600000000000001,Green
2022-10-20,NBA,PG pontos inf + Zubac pontos inf,Pair,10,1.55,5.5,Red
2022-10-20,NBA,"Clippers -4,5",Handicap,10,1.71,7.100000000000001,Green
2022-10-20,NBA,Giannis pontos inf + Embiid pontos inf,Pair,10,1.52,5.199999999999999,Red
2022-10-20,NBA,"Lebron ac. 2,5 3pt",3 Pointers,10,1.62,6.200000000000003,Red
2022-10-21,NBA,"Derozan ac. 4,5 reb",Rebounds,10,1.74,7.399999999999999,Green
2022-10-21,NBA,"Caruso ac. 1,5 TO",Turnovers,10,2.1,11.0,Green
2022-10-21,NBA,"Kuzma ac. 1,5 3pt",3 Pointers,10,1.71,7.100000000000001,Green
2022-10-21,NBA,Beal 20 pts + Morris 3 ast,Pair,10,1.64,6.399999999999999,Green
2022-10-21,NBA,"Wizards ac. 52,5 pts",Total,10,1.55,5.5,Green
2022-10-21,NBA,"Pelicans -5,5 ",Handicap,10,1.71,7.100000000000001,Green
2022-10-21,NBA,"PJ Washignton ab. 2,5 3pt",3 Pointers,10,1.54,5.4,Green
2022-10-21,NBA,"Pelicans ac. 55,5 pts",Total,10,1.62,6.200000000000003,Green
2022-10-21,NBA,"Zion ab. 0,5 3pt + Zion 7 reb",Pair,10,1.74,7.399999999999999,Red
2022-10-21,NBA,"Keldon ac. 6,5 reb",Rebounds,10,1.71,7.100000000000001,Red
2022-10-21,NBA,"Vassel ac. 2,5 ast",Assists,10,1.62,6.200000000000003,Green
2022-10-21,NBA,"Haliburton ac. 18,5 pts",Points,10,1.9,9.0,Green
2022-10-21,NBA,"Banchero ab. 0,5 3pt",3 Pointers,10,1.74,7.399999999999999,Red
2022-10-21,NBA,"Hawks -6,5",Handicap,10,1.57,5.700000000000001,Green
2022-10-21,NBA,"Reddish ac. 8,5 pts",Points,10,1.86,8.600000000000001,Red
2022-10-21,NBA,Ivey 3 ast,Assists,10,1.52,5.199999999999999,Green
2022-10-21,NBA,"BOgdanovic ac. 2,5 3pt",3 Pointers,10,1.86,8.600000000000001,Red
2022-10-21,NBA,"Butler 20 pts + Dedmon ab. 0,5 3pt",Pair,10,1.58,5.800000000000001,Red
2022-10-21,NBA,"Celtics ac. 54,5 pts",Total,10,1.62,6.200000000000003,Green
2022-10-21,NBA,Celtics ,ML,10,1.74,7.399999999999999,Green
2022-10-21,NBA,"Grizzlies -6,5 ",Handicap,10,1.8,8.0,Green
2022-10-21,NBA,"Adams ac. 9,5 reb",Rebounds,10,1.86,8.600000000000001,Red
2022-10-21,NBA,"Aldama ac. 1,5 3pt",3 Pointers,10,1.76,7.600000000000001,Red
2022-10-21,NBA,"Green ac. 3,5 reb",Rebounds,10,1.62,6.200000000000003,Green
2022-10-21,NBA,Wiggins 15 pts,Points,10,1.64,6.399999999999999,Green
2022-10-21,NBA,Jokic 7 ast,Assists,10,1.62,6.200000000000003,Green
2022-10-21,NBA,"Suns -2,5",Handicap,10,1.62,6.200000000000003,Red
2022-10-21,NBA,"Grant ac. 4,5 reb",Rebounds,10,1.71,7.100000000000001,Red
2022-10-22,NBA,"Vassell ac. 14,5 pts",Points,10,1.8,8.0,Green
2022-10-22,NBA,Embiid 10 reb + Keldon 15 pts,Pair,10,1.62,6.200000000000003,Green
2022-10-22,NBA,"Harden ac. 23,5 pts",Points,10,1.8,8.0,Red
2022-10-22,NBA,"Wagner ac. 1,5 TO",Turnovers,10,1.62,6.200000000000003,Red
2022-10-22,NBA,Brown pts inf + Tatum pts inf,Pair,10,1.57,5.700000000000001,Red
2022-10-22,NBA,"Magic ab. 54,5 pts",Total,10,1.62,6.200000000000003,Red
2022-10-22,NBA,"Celtics -7,5 ",Handicap,10,1.71,7.100000000000001,Red
2022-10-22,NBA,"Bey ac. 4,5 reb",Rebounds,10,1.68,6.800000000000001,Green
2022-10-22,NBA,"Haliburton ac. 19,5 pts",Points,10,1.83,8.3,Green
2022-10-22,NBA,Ivey 5 ast,Assists,10,2.15,11.5,Green
2022-10-22,NBA,"Mitchell ac. 20,5 pts + Bulls +6,5",Pair,10,1.62,6.200000000000003,Red
2022-10-22,NBA,"Allen ab. 1,5 ast",Assists,10,1.8,8.0,Red
2022-10-23,NBA,"Westbrook 10 pts + Lakers ab. 31,5 pts",Pair,10,1.8,8.0,Green
2022-10-23,NBA,"Lebron ac. 8,5 reb",Rebounds,10,1.8,8.0,Red
2022-10-23,NBA,"Westbrook ac. 0,5 stl",Steals,10,1.52,5.199999999999999,Red
2022-10-23,NBA,"Wiggins ac. 16,5 pts",Points,10,1.71,7.100000000000001,Green
2022-10-23,NBA,"Lillard ac. 2,5 3pt",3 Pointers,10,1.55,5.5,Green
2022-10-23,NBA,Green 4 ast + Klay 2 3pt,Pair,10,1.62,6.200000000000003,Red
2022-10-23,NBA,"Kings ab. 58,5 pts",Total,10,1.52,5.199999999999999,Red
2022-10-23,NBA,"PG ac. 21,5 pts",Points,10,1.9,9.0,Red
2022-10-23,NBA,Booker 20 pts + CP3 7 ast,Pair,10,1.52,5.199999999999999,Green
2022-10-23,NBA,"Suns ac. 47,5 pts + Clippers ac. 49,5 pts",Pair,10,1.74,7.399999999999999,Red
2022-10-24,NBA,"Haliburton ac. 18,5 pts",Points,10,1.83,8.3,Green
2022-10-24,NBA,Embiid 10 reb + Mathurin 2 3pt,Pair,10,1.68,6.800000000000001,Red
2022-10-24,NBA,"Melton ab. 0,5 blk",Blocks,10,1.64,6.399999999999999,Green
2022-10-24,NBA,"Banchero ac. 18,5 pts",Points,10,1.76,7.600000000000001,Green
2022-10-24,NBA,"Brunson ac. 5,5 ast",Assists,10,1.62,6.200000000000003,Green
2022-10-24,NBA,"Barrett ab. 29,5 pts + reb + ast",Pts + Reb + Ast,10,1.86,8.600000000000001,Green
2022-10-24,NBA,"VanVleet ac. 5,5 ast",Assists,10,1.71,7.100000000000001,Green
2022-10-24,NBA,"Herro 2 3pt + Heat ac. 21,5 pts",Pair,10,1.62,6.200000000000003,Green
2022-10-24,NBA,Siakam pts inf + Butler pts inf,Pair,10,1.5,5.0,Green
2022-10-24,NBA,"Oneale ac. 0,5 blk",Blocks,10,2.35,13.5,Green
2022-10-24,NBA,"Claxton ac. 7,5 reb",Rebounds,10,1.76,7.600000000000001,Red
2022-10-24,NBA,Bane 3 ast + KD 1 3pt,Pair,10,1.55,5.5,Green
2022-10-24,NBA,"Grant 1 3pt + Celtics ac. 51,5 pts",Pair,10,1.55,5.5,Red
2022-10-24,NBA,Vucevic 15 pts,Points,10,1.71,7.100000000000001,Green
2022-10-24,NBA,"Horford ab. 0,5 stl",Steals,10,1.76,7.600000000000001,Green
2022-10-24,NBA,"Vassell ac. 16,5 pts",Points,10,1.86,8.600000000000001,Green
2022-10-24,NBA,"Keldon ac. 15,5 pts + Gobert DD",Pair,10,1.57,5.700000000000001,Red
2022-10-24,NBA,"McDaniels ab. 1,5 3pt",3 Pointers,10,1.47,4.699999999999999,Green
2022-10-24,NBA,Jazz  ,ML,10,1.74,7.399999999999999,Red
2022-10-24,NBA,Green 3 pt,3 Pointers,10,1.54,5.4,Green
2022-10-24,NBA,"Markkanen ac. 29,5 pts + reb",Pts + Reb,10,1.86,8.600000000000001,Red
2022-10-25,NBA,"Gafford ab. 0,5 ast",Assists,10,1.52,5.199999999999999,Red
2022-10-25,NBA,Ivey 15 pts,Points,10,1.6,6.0,Red
2022-10-25,NBA,"Kuzma ac. 1,5 3pt",3 Pointers,10,1.76,7.600000000000001,Red
2022-10-25,NBA,Doncic 20 pts + Dinwiddie 2 3pt,Pair,10,1.5,5.0,Green
2022-10-25,NBA,"McCollum ac. 24,5 pts",Points,10,1.74,7.399999999999999,Red
2022-10-25,NBA,"Mavs -3,5 ",Handicap,10,1.71,7.100000000000001,Red
2022-10-25,NBA,"Zubac ab. 0,5 steal",Steals,10,1.68,6.800000000000001,Green
2022-10-25,NBA,Wall 15 pts,Points,10,1.57,5.700000000000001,Red
2022-10-25,NBA,"Shai ac. 25,5 pts",Points,10,1.86,8.600000000000001,Green
2022-10-25,NBA,"Wiseman ab. 0,5 3pt + GSW ac. 102,5 pts",Pair,10,1.52,5.199999999999999,Green
2022-10-25,NBA,"Wiggins ac. 16,5 pts",Points,10,1.8,8.0,Green
2022-10-25,NBA,"CP3 ab. 13,5 pts",Points,10,1.62,6.200000000000003,Red
2022-10-25,NBA,"Suns ac. 28,5 pts ",Total,10,1.8,8.0,Green
2022-10-26,NBA,"Mitchell 25 pts + Cavs ac. 49,5 pts",Pair,10,1.57,5.700000000000001,Red
2022-10-26,NBA,"Wagner ac. 4,5 reb",Rebounds,10,1.86,8.600000000000001,Green
2022-10-26,NBA,"Levert ac. 3,5 reb",Rebounds,10,1.74,7.399999999999999,Red
2022-10-26,NBA,"Collins ac. 7,5 reb",Rebounds,10,1.74,7.399999999999999,Green
2022-10-26,NBA,"Murray ac. 6,5 reb",Rebounds,10,1.71,7.100000000000001,Green
2022-10-26,NBA,"Cade ab. 0,5 blk",Blocks,10,1.86,8.600000000000001,Red
2022-10-26,NBA,"Oneale ac. 0,5 blk",Blocks,10,2.15,11.5,Red
2022-10-26,NBA,"Lopez ac. 1,5 3pt",3 Pointers,10,1.76,7.600000000000001,Red
2022-10-26,NBA,Bucks,ML,10,1.6,6.0,Green
2022-10-26,NBA,"Hartenstein ac. 6,5 reb",Rebounds,10,1.74,7.399999999999999,Red
2022-10-26,NBA,"Richards ac. 5,5 reb",Rebounds,10,1.68,6.800000000000001,Green
2022-10-26,NBA,"Smith Jr ac. 13,5 pts",Points,10,1.76,7.600000000000001,Green
2022-10-26,NBA,"Brunson ac. 5,5 ast",Assists,10,1.57,5.700000000000001,Green
2022-10-26,NBA,Siakam 5 ast,Assists,10,1.57,5.700000000000001,Green
2022-10-26,NBA,"Harden ac. 22,5 pts",Points,10,1.74,7.399999999999999,Red
2022-10-26,NBA,"Williams ab. 4,5 reb + ast",Ast + Reb,10,1.76,7.600000000000001,Green
2022-10-26,NBA,"Haliburton ac. 8,5 ast",Assists,10,1.68,6.800000000000001,Green
2022-10-26,NBA,"Bulls -5,5",Handicap,10,1.66,6.599999999999998,Green
2022-10-26,NBA,"Jazz x Rockets ab. 58,5 pts 4qt",Total,10,1.55,5.5,Green
2022-10-26,NBA,"Lakers ab. 111,5 pts",Total,10,1.47,4.699999999999999,Green
2022-10-26,NBA,"Heat x Blazers ab. 211,5 pts",Total,10,1.52,5.199999999999999,Red
2022-10-27,NBA,Simmons 7 ast,Assists,10,1.66,6.599999999999998,Red
2022-10-27,NBA,"Dinwiddie ac. 15,5 pts",Points,10,1.83,8.3,Red
2022-10-27,NBA,"Dinwiddie ac. 2,5 3pt",3 Pointers,10,2.1,11.0,Green
2022-10-27,NBA,Mavs ,ML,10,1.71,7.100000000000001,Green
2022-10-27,NBA,"Zubac 10 reb + Clippers ab. 32,5 pts 1Qt",Pair,10,1.71,7.100000000000001,Green
2022-10-27,NBA,"Tre Mann ac. 2,5 ast",Assists,10,1.68,6.800000000000001,Green
2022-10-27,NBA,"Shai ac. 25,5 pts",Points,10,1.86,8.600000000000001,Red
2022-10-27,NBA,"Barnes ab. 1,5 3pt",3 Pointers,10,1.52,5.199999999999999,Green
2022-10-27,NBA,Morant 30 pts,Points,10,1.74,7.399999999999999,Red
2022-10-27,NBA,Fox 3 reb + Murray 15 pts,Pair,10,1.74,7.399999999999999,Green
2022-10-27,NBA,"Heat x GSW ab. 60,5 pts 2qt",Total,10,1.62,6.200000000000003,Red
2022-10-27,NBA,Grizzlies,ML,10,1.45,4.5,Green
2022-10-27,NBA,"Heat x GSW ac. 52,5 pts",Total,10,1.52,5.199999999999999,Green
2022-10-28,NBA,"Ross ab. 6,5 ast + reb",Ast + Reb,10,1.83,8.3,Green
2022-10-28,NBA,"WCJr ab. 3,5 ast",Assists,10,1.9,9.0,Red
2022-10-28,NBA,"PJ Washignton ab. 8,5 ast + reb",Ast + Reb,10,1.9,9.0,Green
2022-10-28,NBA,"Bogdanovic ac. 2,5 3pt",3 Pointers,10,1.57,5.700000000000001,Green
2022-10-28,NBA,"Holiday ab. 6,5 pts",Points,10,1.76,7.600000000000001,Green
2022-10-28,NBA,"Collins ab. 1,5 ast",Assists,10,1.5,5.0,Green
2022-10-28,NBA,Kuzma pts inf + Mathurin pts inf,Pair,10,1.62,6.200000000000003,Red
2022-10-28,NBA,"Haliburton ac. 17,5 pts",Points,10,1.71,7.100000000000001,Green
2022-10-28,NBA,"Morris ac. 3,5 reb",Rebounds,10,2.3,13.0,Red
2022-10-28,NBA,"Horford ab. 0,5 stl",Steals,10,2.0,10.0,Green
2022-10-28,NBA,Allen 10 reb,Rebounds,10,1.71,7.100000000000001,Green
2022-10-28,NBA,Tatum 7 reb,Rebounds,10,1.66,6.599999999999998,Green
2022-10-28,NBA,"Lakers ab. 113,5 pts",Total,10,1.71,7.100000000000001,Green
2022-10-28,NBA,"Brunson ac. 5,5 ast",Assists,10,1.66,6.599999999999998,Red
2022-10-28,NBA,"Holiday ab. 18,5 pts",Points,10,1.95,9.5,Green
2022-10-28,NBA,"Bucks -3,5",Handicap,10,1.57,5.700000000000001,Green
2022-10-28,NBA,"Keldon ac. 21,5 pts",Points,10,1.83,8.3,Green
2022-10-28,NBA,Poeltl 10 reb,Rebounds,10,1.74,7.399999999999999,Green
2022-10-28,NBA,Derozan 5 ast,Assists,10,1.45,4.5,Red
2022-10-28,NBA,"KPJr ac. 19,5 pts",Points,10,1.8,8.0,Red
2022-10-29,NBA,Adebayo 7 reb + Murray 2 3pt,Pair,10,1.62,6.200000000000003,Red
2022-10-29,NBA,"Huerter ab. 3,5 reb",Rebounds,10,1.71,7.100000000000001,Green
2022-10-29,NBA,"Butler ac. 4,5 ast",Assists,10,1.71,7.100000000000001,Green
2022-10-29,NBA,"Warriors -7,5",Handicap,10,1.57,5.700000000000001,Red
2022-10-29,NBA,"PJ Washington ab. 7,5 ast + reb",Ast + Reb,10,1.76,7.600000000000001,Red
2022-10-29,NBA,"Green ac. 0,5 3pt",3 Pointers,10,1.5,5.0,Green
2022-10-29,NBA,"Kyrie ac. 28,5 pts",Points,10,1.86,8.600000000000001,Green
2022-10-29,NBA,"Claxton ab. 10,5 ast + reb",Ast + Reb,10,1.83,8.3,Green
2022-10-29,NBA,"Haliburton ac. 9,5 ast",Assists,10,1.83,8.3,Red
2022-10-29,NBA,"Embiid ac. 27,5 pts",Points,10,1.83,8.3,Red
2022-10-29,NBA,"Harden ab. 36,5 pts + reb + ast",Pts + Reb + Ast,10,1.83,8.3,Green
2022-10-29,NBA,"Bulls ac. 106,5 pts",Total,10,1.57,5.700000000000001,Green
2022-10-29,NBA,"Collins ab. 1,5 ast",Assists,10,1.47,4.699999999999999,Red
2022-10-29,NBA,"Young ac. 8,5 ast",Assists,10,1.83,8.3,Red
2022-10-29,NBA,"Holiday ab. 19,5 pts",Points,10,1.95,9.5,Red
2022-10-30,NBA,"Celtics x Wizards ac. 217,5 pts",Total,10,1.62,6.200000000000003,Red
2022-10-30,NBA,"Knicks x Cavs ac. 215,5 pts",Total,10,1.55,5.5,Green
2022-10-30,NBA,"Knicks +7,5",Handicap,10,1.5,5.0,Red
2022-10-30,NBA,"GSW -5,5",Handicap,10,1.66,6.599999999999998,Red
2022-10-30,NBA,"GSW x Pistons ab. 234,5 pts",Total,10,1.62,6.200000000000003,Red
2022-10-30,NBA,"Wolves x Spurs ab. 243,5 pts",Total,10,1.57,5.700000000000001,Green
2022-10-30,NBA,"Wolves -2,5 ",Handicap,10,1.5,5.0,Red
2022-10-30,NBA,"Magic x Mavs ac. 207,5 pts",Total,10,1.57,5.700000000000001,Green
2022-10-30,NBA,"Mavs -6,5 ",Handicap,10,1.57,5.700000000000001,Green
2022-10-30,NBA,"Lakers x Nuggets ab. 232,5 pts",Total,10,1.64,6.399999999999999,Green
2022-10-30,NBA,Nuggets ,ML,10,1.6,6.0,Red
2022-10-31,NBA,"Plumlee ab. 0,5 roubos",Steals,10,1.86,8.600000000000001,Green
2022-10-31,NBA,"Hayward ab. 9,5 ast + reb",Ast + Reb,10,1.9,9.0,Red
2022-10-31,NBA,"Murray ac. 16,5 pts",Points,10,1.71,7.100000000000001,Red
2022-10-31,NBA,"Morris ab. 1,5 3pt",3 Pointers,10,1.52,5.199999999999999,Red
2022-10-31,NBA,"Tucker ab. 14,5 pts + reb + ast",Pts + Reb + Ast,10,1.86,8.600000000000001,Red
2022-10-31,NBA,"Beal ab. 4,5 reb",Rebounds,10,1.66,6.599999999999998,Red
2022-10-31,NBA,"Pacers +10,5",Handicap,10,1.57,5.700000000000001,Green
2022-10-31,NBA,"KD ab. 7,5 reb",Rebounds,10,1.71,7.100000000000001,Red
2022-10-31,NBA,"Haliburton ac. 20,5 pts",Points,10,1.86,8.600000000000001,Red
2022-10-31,NBA,"Hawks ac. 107,5 pts",Total,10,1.62,6.200000000000003,Green
2022-10-31,NBA,"Anunoby ab. 2,5 3pt",3 Pointers,10,1.74,7.399999999999999,Green
2022-10-31,NBA,"Collins ab. 1,5 3pt",3 Pointers,10,1.58,5.800000000000001,Green
2022-10-31,NBA,"Pistons ac. 102,5 pts",Total,10,1.55,5.5,Green
2022-10-31,NBA,"Bogdanovic ac. 2,5 3pt",3 Pointers,10,1.68,6.800000000000001,Green
2022-10-31,NBA,"Giannis ac. 12,5 reb",Rebounds,10,1.86,8.600000000000001,Red
2022-10-31,NBA,"Clippers ab. 53,5 pts 1T",Total,10,1.71,7.100000000000001,Green
2022-10-31,NBA,"Clippers +4,5 ",Handicap,10,1.45,4.5,Green
2022-10-31,NBA,Clippers,ML,10,1.6,6.0,Green
2022-10-31,NBA,"Rockets x Clippers ab. 57,5 pts 4Qt",Total,10,1.62,6.200000000000003,Green
2022-10-31,NBA,50 pts 4ºqt,Both to Not Score,10,1.95,9.5,Green
2022-11-01,NBA,"Vucevic ac. 2,5 ast",Assists,10,1.9,9.0,Red
2022-11-01,NBA,"Kyrie ac. 2,5 3pt",3 Pointers,10,1.74,7.399999999999999,Red
2022-11-01,NBA,"Bulls +4,5",Handicap,10,1.62,6.200000000000003,Green
2022-11-01,NBA,"Butler ac. 4,5 ast",Assists,10,1.68,6.800000000000001,Green
2022-11-01,NBA,"Looney ab. 0,5 roubos",Steals,10,1.44,4.399999999999999,Red
2022-11-01,NBA,"Adebayo ac. 0,5 blk",Blocks,10,1.6,6.0,Green
2022-11-01,NBA,"OKC ac. 107,5 pts",Total,10,1.66,6.599999999999998,Green
2022-11-01,NBA,"Bol Bol ac. 7,5 reb",Rebounds,10,1.9,9.0,Green
2022-11-01,NBA,"Wagner ac. 1,5 3pt",3 Pointers,10,1.86,8.600000000000001,Green
2022-11-01,NBA,Suns ,ML,10,1.58,5.800000000000001,Green
2022-11-01,NBA,"Edwards ab. 0,5 blk",Blocks,10,1.57,5.700000000000001,Red
2022-11-01,NBA,"Bridges ac. 14,5 pts",Points,10,1.74,7.399999999999999,Green
2022-11-01,NBA,Suns 25 pontos,Do Not Score,10,1.5,5.0,Green
2022-11-01,NBA,"Timberwolves ab. 49,5 pts 1T",Total,10,1.55,5.5,Green
2022-11-02,NBA,"76ers -5,5",Handicap,10,1.9,9.0,Red
2022-11-02,NBA,"Cavs + 2,5",Handicap,10,1.76,7.600000000000001,Green
2022-11-02,NBA,"Trae ab. 28,5 pts",Points,10,1.9,9.0,Green
2022-11-02,NBA,Kings   ,ML,10,3.05,20.5,Red
2022-11-02,NBA,"Bulls -4,5",Handicap,10,1.9,9.0,Green
2022-11-02,NBA,Rockets   ,ML,10,2.85,18.5,Red
2022-11-02,NBA,"Bogdanovic ab. 18,5 pts",Points,10,1.86,8.600000000000001,Green
2022-11-02,NBA,"Spurs +7,5",Handicap,10,1.9,9.0,Red
2022-11-02,NBA,"Mavs -5,5",Handicap,10,1.71,7.100000000000001,Red
2022-11-02,NBA,"Grizzlies x Blazers ab. 226,5 pts ",Total,10,1.9,9.0,Green
2022-11-02,NBA,Lakers +3,Handicap,10,1.9,9.0,Green
2022-11-02,NBA,"Sixers ab. 55,5 pts ",Total,10,1.62,6.200000000000003,Green
2022-11-02,NBA,"Hawks ab. 49,5 pts",Total,10,1.45,4.5,Red
2022-11-02,NBA,"Celtics ac. 107,5 pts",Total,10,1.45,4.5,Green
2022-11-02,NBA,"Pistons ab. 97,5 pts",Total,10,1.62,6.200000000000003,Green
2022-11-02,NBA,"Wizards ac. 110,5 pts",Total,10,1.55,5.5,Green
2022-11-03,NBA,"Klay ab. 1,5 TO",Turnovers,10,1.52,5.199999999999999,Green
2022-11-03,NBA,"Bol Bol ac. 7,5 reb",Rebounds,10,1.83,8.3,Red
2022-11-03,NBA,"Magic +9,5",Handicap,10,1.9,9.0,Green
2022-11-03,NBA,"Porter Jr ac. 16,5 pts",Points,10,1.74,7.399999999999999,Red
2022-11-03,NBA,Shai 5 ast,Assists,10,1.5,5.0,Red
2022-11-03,NBA,"Nuggets -6,5",Handicap,10,1.9,9.0,Green
2022-11-03,NBA,Warriors 3qt,ML,10,1.8,8.0,Red
2022-11-03,NBA,"Thunder ab. 57,5 pts",Total,10,1.5,5.0,Green
2022-11-03,NBA,Warriors 30 pts ,Do Not Score,10,1.52,5.199999999999999,Red
2022-11-04,NBA,"Knicks +3,5",Handicap,10,1.95,9.5,Green
2022-11-04,NBA,"76era ab. 116,5 pts",Total,10,1.45,4.5,Green
2022-11-04,NBA,"Randle ab. 1,5 3pt",3 Pointers,10,1.71,7.100000000000001,Green
2022-11-04,NBA,"Beal ab. 10,5 reb + ast",Ast + Reb,10,1.95,9.5,Green
2022-11-04,NBA,Oneale 10 pontos,Points,10,1.71,7.100000000000001,Green
2022-11-04,NBA,"Nets +3,5",Handicap,10,1.8,8.0,Green
2022-11-04,NBA,"Lowry ac. 15,5 pts",Points,10,1.86,8.600000000000001,Red
2022-11-04,NBA,Hield 15 pts,Points,10,1.4,4.0,Green
2022-11-04,NBA,"Heat -2,5",Handicap,10,1.76,7.600000000000001,Red
2022-11-04,NBA,"Bogdanovic ab. 18,5 pts",Points,10,1.86,8.600000000000001,Green
2022-11-04,NBA,"Pistons +6,5",Handicap,10,1.71,7.100000000000001,Red
2022-11-04,NBA,"Cavs ac. 109,5 pts",Points,10,1.55,5.5,Green
2022-11-04,NBA,"Vucevic ac. 11,5 reb",Rebounds,10,1.83,8.3,Green
2022-11-04,NBA,"Brogdon ac. 13,5 pts",Points,10,1.86,8.600000000000001,Green
2022-11-04,NBA,"Celtics -7,5",Handicap,10,1.95,9.5,Red
2022-11-04,NBA,"Bane ab. 29,5 pts + reb + ast",Pts + Reb + Ast,10,1.9,9.0,Green
2022-11-04,NBA,"Oubre Jr ac. 20,5 pts",Points,10,1.86,8.600000000000001,Red
2022-11-04,NBA,Adams 10 reb,Rebounds,10,1.52,5.199999999999999,Green
2022-11-04,NBA,"Keldon ac. 1,5 TO",Turnovers,10,1.62,6.200000000000003,Red
2022-11-04,NBA,"Vassell ac. 15,5 pts",Points,10,1.71,7.100000000000001,Green
2022-11-04,NBA,"Zubac ab. 10,5 reb",Rebounds,10,1.95,9.5,Red
2022-11-04,NBA,"GSW ac. 102,5 pts",Points,10,1.41,4.1,Green
2022-11-04,NBA,McCollum 5 ast,Assists,10,1.54,5.4,Green
2022-11-04,NBA,"Wolves +3,5 ",Handicap,10,1.71,7.100000000000001,Red
2022-11-04,NBA,"Gobert ab. 12,5 pts",Points,10,1.86,8.600000000000001,Green
2022-11-04,NBA,"Lopez ac. 12,5 pts",Points,10,1.86,8.600000000000001,Red
2022-11-04,NBA,"Suns -9,5 ",Handicap,10,1.57,5.700000000000001,Red
2022-11-04,NBA,"Cam Johnson ac. 14,5 pts",Points,10,1.9,9.0,Red
2022-11-04,NBA,"Nurkic ac. 15,5 pts",Points,10,1.74,7.399999999999999,Green
2022-11-04,NBA,Lakers,ML,10,1.6,6.0,Red
2022-11-04,NBA,Brown 5 reb,Rebounds,10,1.55,5.5,Red
2022-11-04,NBA,"Clarkson ac. 4,5 ast",Assists,10,1.68,6.800000000000001,Red
2022-11-04,NBA,"Clippers +8,5",Handicap,10,1.52,5.199999999999999,Green
2022-11-04,NBA,"Bucks ac. 60,5 pts",Points,10,1.66,6.599999999999998,Green
2022-11-04,NBA,"Jazz ac. 58,5 pts",Points,10,1.62,6.200000000000003,Green
2022-11-05,NBA,"Huerter ac. 14,5 pts",Points,10,1.76,7.600000000000001,Red
2022-11-05,NBA,"Wagner ab. 1,5 3pt",3 Pointers,10,1.66,6.599999999999998,Green
2022-11-05,NBA,Kings   ,ML,10,1.55,5.5,Green
2022-11-05,NBA,"Nets x Hornets ab. 221,5 pts",Total,10,1.9,9.0,Green
2022-11-05,NBA,"Oubre Jr ac. 17,5 pts",Points,10,1.86,8.600000000000001,Green
2022-11-05,NBA,"Oneale ac. 10,5 pts",Points,10,1.74,7.399999999999999,Red
2022-11-05,NBA,"Knicks +4,5",Handicap,10,1.8,8.0,Red
2022-11-05,NBA,"White ab. 1,5 TO",Turnovers,10,1.5,5.0,Green
2022-11-05,NBA,"Randle ab. 1,5 3pt",3 Pointers,10,1.66,6.599999999999998,Red
2022-11-05,NBA,"Pelicans x Hawks ab. 230,5 pts",Total,10,1.9,9.0,Red
2022-11-05,NBA,"Collins ab. 1,5 3pt",3 Pointers,10,1.47,4.699999999999999,Green
2022-11-05,NBA,"Ingram ac. 23,5 pts",Points,10,1.86,8.600000000000001,Red
2022-11-05,NBA,"Gordon ab. 2,5 3pt",3 Pointers,10,1.57,5.700000000000001,Green
2022-11-05,NBA,"Edwards ac. 23,5 pts",Points,10,1.86,8.600000000000001,Red
2022-11-06,NBA,Lakers +4,Handicap,10,1.9,9.0,Red
2022-11-06,NBA,"Bulls x Raptors ac. 220,5 pts",Total,10,1.9,9.0,Green
2022-11-06,NBA,"Wizards +9,5",Handicap,10,1.9,9.0,Green
2022-11-06,NBA,Clippers,ML,10,1.62,6.200000000000003,Red
2022-11-06,NBA,"Morant ac. 27,5 pts",Points,10,1.86,8.600000000000001,Red
2022-11-06,NBA,Bulls,ML,10,2.3,13.0,Red
2022-11-06,NBA,"Trent Jr ac. 23,5 pts",Points,10,1.83,8.3,Red
2022-11-06,NBA,"Clarkson ac. 4,5 ast",Assists,10,1.83,8.3,Green
2022-11-06,NBA,"George ac. 6,5 reb",Rebounds,10,1.8,8.0,Green
2022-11-06,NBA,"Jackson ac. 20,5 pts + reb + ast",Pts + Reb + Ast,10,1.86,8.600000000000001,Red
2022-11-06,NBA,"Markkanen ac. 29,5 pts + reb",Pts + Reb,10,1.86,8.600000000000001,Red
2022-11-07,NBA,"Hornets -2,5",Handicap,10,1.95,9.5,Red
2022-11-07,NBA,"Rozier ac. 4,5 reb",Rebounds,10,1.86,8.600000000000001,Red
2022-11-07,NBA,"Kuzma ab. 3,5 ast",Assists,10,1.76,7.600000000000001,Green
2022-11-07,NBA,"Suggs ab. 2,5 reb",Rebounds,10,1.76,7.600000000000001,Red
2022-11-07,NBA,Sengun 15 pts,Points,10,1.83,8.3,Green
2022-11-07,NBA,"Magic -2,5",Handicap,10,1.64,6.399999999999999,Red
2022-11-07,NBA,"Bogdanovic ab. 18,5 pts",Points,10,1.86,8.600000000000001,Green
2022-11-07,NBA,"Pistons ab. 113,5 pts",Total,10,1.62,6.200000000000003,Green
2022-11-07,NBA,"Giddey ab. 13,5 ast + reb",Ast + Reb,10,1.86,8.600000000000001,Green
2022-11-07,NBA,"Ingram ac. 0,5 blk",Blocks,10,1.95,9.5,Green
2022-11-07,NBA,"Hield ac. 18,5 pts",Points,10,1.86,8.600000000000001,Green
2022-11-07,NBA,"Pelicans -2,5",Handicap,10,1.62,6.200000000000003,Red
2022-11-07,NBA,"Vucevic ac. 2,5 ast",Assists,10,1.9,9.0,Green
2022-11-07,NBA,"Raptors ac. 105,5 pts",Total,10,1.52,5.199999999999999,Red
2022-11-07,NBA,"Derozan ab. 9,5 ast + reb",Ast + Reb,10,1.8,8.0,Red
2022-11-07,NBA,"Westbrook ac. 7,5 ast",Assists,10,1.76,7.600000000000001,Red
2022-11-07,NBA,"Markkanen ac. 8,5 reb",Rebounds,10,1.8,8.0,Red
2022-11-07,NBA,"Clarkson ab. 5,5 ast",Assists,10,1.64,6.399999999999999,Green
2022-11-07,NBA,"Sochan ac. 0,5 stl",Steals,10,1.62,6.200000000000003,Green
2022-11-07,NBA,"Tatum ac. 2,5 3pt",3 Pointers,10,1.57,5.700000000000001,Green
2022-11-07,NBA,Curry 4 3pt,3 Pointers,10,1.55,5.5,Green
2022-11-07,NBA,"Jazz ac. 59,5 pts 1T",Total,10,1.52,5.199999999999999,Green
2022-11-07,NBA,"Kings ab. 58,5 pts 1T",Total,10,1.5,5.0,Red
2022-11-07,NBA,"Spurs ac. 115,5 pts",Total,10,1.5,5.0,Red
2022-11-09,NBA,"Mavs x Magic ac. 209,5 pts",Total,10,1.64,6.399999999999999,Red
2022-11-09,NBA,"Bullock ab. 2,5 3pt",3 Pointers,10,1.5,5.0,Green
2022-11-09,NBA,"Magic ac. 99,5 pts",Total,10,1.62,6.200000000000003,Red
2022-11-09,NBA,"Haliburton ac. 19,5 pts",Points,10,1.83,8.3,Green
2022-11-09,NBA,Nuggets 1T,ML,10,1.58,5.800000000000001,Red
2022-11-09,NBA,"Nuggets -2,5",Handicap,10,1.58,5.800000000000001,Green
2022-11-09,NBA,"Hornets +4,5",Handicap,10,1.76,7.600000000000001,Red
2022-11-09,NBA,PJ Washington 15 pontos,Points,10,1.66,6.599999999999998,Red
2022-11-09,NBA,"Smith Jr ab. 22,5 pts + reb + ast",Pts + Reb + Ast,10,1.86,8.600000000000001,Green
2022-11-09,NBA,"Celtics x Pistons ab. 227,5 pts",Total,10,1.76,7.600000000000001,Red
2022-11-09,NBA,"Bogdanovic ab. 3,5 reb",Rebounds,10,1.62,6.200000000000003,Green
2022-11-09,NBA,"Horford ac. 9,5 pts",Points,10,1.8,8.0,Green
2022-11-09,NBA,"Sengun ab. 2,5 ast",Assists,10,2.05,10.5,Green
2022-11-09,NBA,Sengun 15 pts,Points,10,1.58,5.800000000000001,Green
2022-11-09,NBA,"VanVleet ac. 19,5 pts",Points,10,1.66,6.599999999999998,Green
2022-11-09,NBA,"Sengun ac. 15,5 pts",Points,10,1.8,8.0,Green
2022-11-09,NBA,"Oneale ab. 11,5 pts",Points,10,1.76,7.600000000000001,Green
2022-11-09,NBA,Barrett 5 reb,Rebounds,10,1.5,5.0,Green
2022-11-09,NBA,"Brunson ac. 18,5 pts",Points,10,1.76,7.600000000000001,Red
2022-11-09,NBA,"Hawks -3,5 pts",Handicap,10,1.8,8.0,Red
2022-11-09,NBA,"Tatum ac. 2,5 3pt",3 Pointers,10,1.62,6.200000000000003,Green
2022-11-09,NBA,"Clarkson ac. 1,5 TO",Turnovers,10,1.5,5.0,Green
2022-11-09,NBA,"Hawks ab. 120,5 pts",Points,10,1.52,5.199999999999999,Green
2022-11-09,NBA,"Bucks -1,5",Handicap,10,1.9,9.0,Green
2022-11-09,NBA,"Portis ac. 1,5 3pt",3 Pointers,10,1.64,6.399999999999999,Red
2022-11-09,NBA,"Shai ac. 27,5 pts",Points,10,1.83,8.3,Green
2022-11-09,NBA,"Zion ab. 23,5 pts",Points,10,1.86,8.600000000000001,Green
2022-11-09,NBA,"Suns -1,5",Handicap,10,1.9,9.0,Green
2022-11-09,NBA,Cavs 1T,ML,10,1.66,6.599999999999998,Red
2022-11-09,NBA,Lakers +3,Handicap,10,1.9,9.0,Red
2022-11-09,NBA,"Lebron ac. 7,5 reb",Rebounds,10,1.71,7.100000000000001,Green
2022-11-10,NBA,"Wizards ab. 103,5 pts",Total,10,1.71,7.100000000000001,Red
2022-11-10,NBA,"Bullock ab. 1,5 3pt",3 Pointers,10,1.86,8.600000000000001,Red
2022-11-10,NBA,"Wizards +7,5",Handicap,10,1.62,6.200000000000003,Green
2022-11-10,NBA,"Rozier ab. 1,5 stl + blk",Stl + Blk,10,1.68,6.800000000000001,Green
2022-11-10,NBA,"Hornets +12,5",Handicap,10,1.62,6.200000000000003,Green
2022-11-10,NBA,"Butler ac. 5,5 ast",Assists,10,1.71,7.100000000000001,Green
2022-11-10,NBA,"Capela ac. 9,5 reb",Rebounds,10,1.71,7.100000000000001,Green
2022-11-10,NBA,"Hawks vs 76ers ac. 218,5 pts",Total,10,1.62,6.200000000000003,Red
2022-11-10,NBA,"Harris ac. 16,5 pts",Points,10,1.86,8.600000000000001,Red
2022-11-10,NBA,Hart 7 rebotes,Rebounds,10,1.55,5.5,Green
2022-11-10,NBA,"Herb Jones ac. 9,5 pts",Points,10,1.86,8.600000000000001,Green
2022-11-10,NBA,"Pelicans -4,5",Handicap,10,1.4,4.0,Red
2022-11-11,NBA,"Bridges ac. 15,5 pts",Points,10,1.95,9.5,Red
2022-11-11,NBA,"Magic ab. 106,5 pts",Total,10,1.62,6.200000000000003,Red
2022-11-11,NBA,"Magic +9,5",Handicap,10,1.62,6.200000000000003,Green
2022-11-11,NBA,"Jokic ab. 24,5 pts",Points,10,1.86,8.600000000000001,Red
2022-11-11,NBA,"Brown ac. 7,5 pts",Points,10,1.8,8.0,Red
2022-11-11,NBA,"Tatum ac. 1,5 3pt",3 Pointers,10,1.58,5.800000000000001,Green
2022-11-11,NBA,"Randle ac. 20,5 pts",Points,10,1.83,8.3,Green
2022-11-11,NBA,"Pistons +11,5",Handicap,10,1.57,5.700000000000001,Green
2022-11-11,NBA,"Pistons ab. 57,5 pts 1T",Total,10,1.47,4.699999999999999,Red
2022-11-11,NBA,"Dort ac. 0,5 stl",Steals,10,1.45,4.5,Red
2022-11-11,NBA,"Boucher ab. 7,5 ast + reb",Ast + Reb,10,1.71,7.100000000000001,Red
2022-11-11,NBA,"Raptors -3,5",Handicap,10,1.71,7.100000000000001,Red
2022-11-11,NBA,"Bucks x Spurs ab. 221,5 pts",Total,10,1.66,6.599999999999998,Green
2022-11-11,NBA,"Sochan ac. 0,5 stl",Steals,10,1.66,6.599999999999998,Red
2022-11-11,NBA,"Lopez ac. 7,5 reb",Rebounds,10,1.86,8.600000000000001,Red
2022-11-11,NBA,"Bane ab. 31,5 pts + reb + ast",Pts + Reb + Ast,10,1.86,8.600000000000001,Red
2022-11-11,NBA,Warriors,ML,10,1.68,6.800000000000001,Green
2022-11-11,NBA,"Lakers +6,5",Handicap,10,1.66,6.599999999999998,Green
2022-11-12,NBA,"Morris ac. 1,5 3pt",3 Pointers,10,1.66,6.599999999999998,Green
2022-11-12,NBA,"Oneale ac. 3,5 ast",Assists,10,1.58,5.800000000000001,Red
2022-11-12,NBA,Clippers,ML,10,1.8,8.0,Red
2022-11-12,NBA,Jazz ,ML,10,1.57,5.700000000000001,Red
2022-11-12,NBA,"Jazz x Wizards ab. 224,5 pts",Total,10,1.64,6.399999999999999,Red
2022-11-12,NBA,"Clarkson ac. 17,5 pts",Points,10,1.83,8.3,Green
2022-11-12,NBA,"Pistons +10,5",Handicap,10,1.57,5.700000000000001,Green
2022-11-12,NBA,"Tatum ac. 32,5 pts",Points,10,1.86,8.600000000000001,Green
2022-11-12,NBA,"Grant ac. 1,5 TO",Turnovers,10,1.6,6.0,Green
2022-11-12,NBA,"Pacers +1,5",Handicap,10,1.52,5.199999999999999,Green
2022-11-12,NBA,76ERS,ML,10,1.66,6.599999999999998,Green
2022-11-12,NBA,"Hornets +10,5 ",Handicap,10,1.57,5.700000000000001,Red
2022-11-12,NBA,"Rockets x Pelicans ab. 235,5 pts",Total,10,1.71,7.100000000000001,Green
2022-11-12,NBA,"Mavericks -2,5",Handicap,10,1.64,6.399999999999999,Green
2022-11-13,NBA,"Shai ac. 27,5 pts",Points,10,1.71,7.100000000000001,Green
2022-11-13,NBA,"OKC x Knicks ab. 229,5 pts",Total,10,1.71,7.100000000000001,Red
2022-11-13,NBA,"OKC +7,5",Handicap,10,1.62,6.200000000000003,Green
2022-11-13,NBA,"Grizzlies x Wizards ab. 221,5 pts",Total,10,1.64,6.399999999999999,Green
2022-11-13,NBA,Wolves +1,Handicap,10,1.9,9.0,Green
2022-11-13,NBA,"Jazz x Sixers ac. 214,5 pts",Total,10,1.64,6.399999999999999,Red
2022-11-13,NBA,Nuggets ,ML,10,1.8,8.0,Green
2022-11-13,NBA,"Kings +7,5",Handicap,10,1.52,5.199999999999999,Green
2022-11-13,NBA,"Lakers +6,5",Handicap,10,1.62,6.200000000000003,Green
2022-11-14,NBA,"Bamba ac. 1,5 3pt",3 Pointers,10,1.54,5.4,Green
2022-11-14,NBA,"Hornets +1,5",Handicap,10,1.66,6.599999999999998,Green
2022-11-14,NBA,Lamelo 5 reb,Rebounds,10,1.52,5.199999999999999,Red
2022-11-14,NBA,"Pistons +6,5",Handicap,10,1.66,6.599999999999998,Green
2022-11-14,NBA,"Pistons ac. 104,5 pts",Total,10,1.57,5.700000000000001,Green
2022-11-14,NBA,"Anunoby ac. 21,5 pts",Points,10,1.64,6.399999999999999,Red
2022-11-14,NBA,"OKC x Celtics ab. 232,5 pts",Total,10,1.62,6.200000000000003,Red
2022-11-14,NBA,Giddey 5 ast,Assists,10,1.57,5.700000000000001,Red
2022-11-14,NBA,Horford 10 pts,Points,10,1.52,5.199999999999999,Green
2022-11-14,NBA,"Suns x Heat ac. 211,5 pts",Total,10,1.62,6.200000000000003,Green
2022-11-14,NBA,"Booker ac. 10,5 ast + reb",Ast + Reb,10,1.9,9.0,Green
2022-11-14,NBA,"Butler ac. 5,5 ast",Assists,10,1.66,6.599999999999998,Green
2022-11-14,NBA,Heat  ,ML,10,1.71,7.100000000000001,Green
2022-11-14,NBA,"Hawks +6,5",Handicap,10,1.62,6.200000000000003,Green
2022-11-14,NBA,"Hawks ac. 107,5 pts",Total,10,1.55,5.5,Green
2022-11-14,NBA,"Giannis ab. 6,5 ast",Assists,10,1.8,8.0,Green
2022-11-14,NBA,"Clippers x Rockets ab. 222,5 pts",Total,10,1.66,6.599999999999998,Red
2022-11-14,NBA,"Spurs x GSW ac. 229,5 pts",Total,10,1.57,5.700000000000001,Red
2022-11-14,NBA,"OKC ac. 68,5 pts 1T",Total,10,1.83,8.3,Green
2022-11-14,NBA,"Magic ab. 97,5 pts",Total,10,1.76,7.600000000000001,Red
2022-11-14,NBA,"Rockets ab. 52,5 pts 1T",Total,10,1.55,5.5,Green
2022-11-14,NBA,"Jabari Smith ac. 0,5 ast",Assists,10,1.43,4.299999999999999,Green
2022-11-15,NBA,Pelicans,ML,10,1.62,6.200000000000003,Green
2022-11-15,NBA,"Clippers x Mavs ac. 208,5 pts",Total,10,1.64,6.399999999999999,Red
2022-11-15,NBA,"Knicks +5,5",Handicap,10,1.71,7.100000000000001,Green
2022-11-15,NBA,Kings,ML,10,1.83,8.3,Green
2022-11-15,NBA,"Spurs +8,5",Handicap,10,1.76,7.600000000000001,Green
2022-11-15,NBA,"Clippers ab. 36,5 pts 1T",Total,10,1.71,7.100000000000001,Green
2022-11-15,NBA,"Knicks x Jazz ab. 112,5 pts",Total,10,1.57,5.700000000000001,Red
2022-11-15,NBA,"George ac. 15,5 pts",Points,10,1.86,8.600000000000001,Green
2022-11-16,NBA,Combinada,Triple,1,4.26,3.26,Red
2022-11-16,NBA,"Pacers +4,5",Handicap,10,1.55,5.5,Green
2022-11-16,NBA,"PJ Washington AB. 1,5 3PT",3 Pointers,10,1.6,6.0,Red
2022-11-16,NBA,"Hield ac. 18,5 pts",Points,10,1.8,8.0,Green
2022-11-16,NBA,"McDaniels ac. 0,5 blk",Blocks,10,1.66,6.599999999999998,Green
2022-11-16,NBA,"Towns ac. 8,5 reb",Rebounds,10,1.86,8.600000000000001,Red
2022-11-16,NBA,"Wolves -5,5",Handicap,10,1.62,6.200000000000003,Green
2022-11-16,NBA,"OKC x Wizards ab. 234,5 pts",Total,10,1.62,6.200000000000003,Green
2022-11-16,NBA,"Porzings ac. 1,5 3pt",3 Pointers,10,1.6,6.0,Green
2022-11-16,NBA,"Shai ac. 27,5 pts",Points,10,1.66,6.599999999999998,Green
2022-11-16,NBA,"Celtics +2,5",Handicap,10,1.62,6.200000000000003,Green
2022-11-16,NBA,Horford 10 pts,Points,10,1.66,6.599999999999998,Red
2022-11-16,NBA,Collins 7 rebotes,Rebounds,10,1.6,6.0,Red
2022-11-16,NBA,"Heat +5,5",Handicap,10,1.62,6.200000000000003,Red
2022-11-16,NBA,"Anunoby ab. 2,5 3pt",3 Pointers,10,1.6,6.0,Green
2022-11-16,NBA,"Butler ac. 5,5 ast",Assists,10,1.71,7.100000000000001,Red
2022-11-16,NBA,"Bulls x Pelicans ac. 221,5 pts",Total,10,1.55,5.5,Green
2022-11-16,NBA,"Valanciunas ab. 0,5 3pt",3 Pointers,10,1.45,4.5,Red
2022-11-16,NBA,"Dragic ac. 2,5 ast",Assists,10,1.57,5.700000000000001,Green
2022-11-16,NBA,"Cavs +4,5",Handicap,10,1.62,6.200000000000003,Red
2022-11-16,NBA,"Carter ac. 10,5 pts",Points,10,1.8,8.0,Green
2022-11-16,NBA,"Mitchel ac. 2,5 3pt",3 Pointers,10,1.6,6.0,Green
2022-11-16,NBA,"Rockets x Mavs ab. 220,5 pts",Total,10,1.71,7.100000000000001,Green
2022-11-16,NBA,"Finney Smith ac. 12,5 pts",Points,10,1.9,9.0,Red
2022-11-16,NBA,"Green ac. 3,5 ast",Assists,10,1.83,8.3,Green
2022-11-16,NBA,"GSW +1,5",Handicap,10,1.62,6.200000000000003,Red
2022-11-16,NBA,"Knicks +6,5",Handicap,10,1.52,5.199999999999999,Green
2022-11-16,NBA,"Klay ac. 2,5 3pt",3 Pointers,10,1.6,6.0,Green
2022-11-16,NBA,"Booker ac. 10,5 ast + reb",Ast + Reb,10,1.71,7.100000000000001,Green
2022-11-17,NBA,"Spurs ac. 100,5 pts",Total,10,1.5,5.0,Green
2022-11-17,NBA,Blazers,ML,10,1.8,8.0,Red
2022-11-17,NBA,"Harris ac. 1,5 3pt",3 Pointers,10,1.55,5.5,Green
2022-11-17,NBA,"Grant ac. 19,5 pts",Points,10,1.86,8.600000000000001,Red
2022-11-17,NBA,"Kings -5,5",Handicap,10,1.62,6.200000000000003,Green
2022-11-17,NBA,"Spurs x Kings ac. 231,5 pts",Total,10,1.55,5.5,Green
2022-11-17,NBA,"Sabonis ac. 5,5 ast",Assists,10,1.57,5.700000000000001,Red
2022-11-17,NBA,"Pistons x Clippers ab. 212,5 pts",Total,10,1.57,5.700000000000001,Red
2022-11-17,NBA,"Morris ac. 14,5 pts",Points,10,1.83,8.3,Green
2022-11-17,NBA,"Duren ab. 6,5 pts",Points,10,1.74,7.399999999999999,Red
2022-11-17,NBA,"Spurs ab. 57,5 pts 1T",Total,10,1.62,6.200000000000003,Green
2022-11-17,NBA,"Pistons ab. 50,5 pts 1T",Total,10,1.71,7.100000000000001,Green
2022-11-17,NBA,"Clippers x Pistons ab. 97,5 pts 1T",Total,10,1.57,5.700000000000001,Green
2022-11-17,NBA,"Clippers ab. 46,5 pts 1T",Total,10,1.47,4.699999999999999,Green
2022-11-18,NBA,"Heat +9,5",Handicap,10,1.55,5.5,Green
2022-11-18,NBA,"Porzings ac. 1,5 3pt",3 Pointers,10,1.57,5.700000000000001,Red
2022-11-18,NBA,"Wizards ac. 106,5 pts",Total,10,1.55,5.5,Green
2022-11-18,NBA,"Plumlee ab. 0,5 roubos",Steals,10,1.86,8.600000000000001,Red
2022-11-18,NBA,"Garland ac. 2,5 3pt",3 Pointers,10,1.71,7.100000000000001,Green
2022-11-18,NBA,"Hornets x Cavs ab. 225,5 pts",Total,10,1.57,5.700000000000001,Red
2022-11-18,NBA,Combinada,Triple,1,3.8,2.8,Red
2022-11-18,NBA,"Antetokounmpo ac. 4,5 ast",Assists,10,1.8,8.0,Red
2022-11-18,NBA,"Lopez ac. 1,5 3pt",3 Pointers,10,1.68,6.800000000000001,Green
2022-11-18,NBA,"Sixers +3,5",Handicap,10,1.57,5.700000000000001,Green
2022-11-18,NBA,"Pacers -3,5",Handicap,10,1.62,6.200000000000003,Green
2022-11-18,NBA,"Rockets ab. 115,5 pts",Total,10,1.86,8.600000000000001,Green
2022-11-18,NBA,"Giddey ab. 1,5 3pt",3 Pointers,10,1.52,5.199999999999999,Green
2022-11-18,NBA,"OKC x Grizzlies ac. 225,5 pts",Total,10,1.57,5.700000000000001,Green
2022-11-18,NBA,"OKC +8,5",Handicap,10,1.62,6.200000000000003,Red
2022-11-18,NBA,"Magic +10,5",Handicap,10,1.62,6.200000000000003,Green
2022-11-18,NBA,"Carter Jr ac. 1,5 3pt",3 Pointers,5,3.0,10.0,Red
2022-11-18,NBA,"Lavine ac. 22,5 pts",Points,10,1.86,8.600000000000001,Red
2022-11-18,NBA,"Carter Jr ac. 16,5 pts",Points,10,1.71,7.100000000000001,Green
2022-11-18,NBA,"Pelicans +6,5",Handicap,10,1.55,5.5,Red
2022-11-18,NBA,"White ac. 10,5 pts",Points,10,1.9,9.0,Green
2022-11-18,NBA,"Valanciunas ab. 12,5 ast + reb",Ast + Reb,10,1.83,8.3,Green
2022-11-18,NBA,"Mavs -3,5 1T",Handicap,10,1.57,5.700000000000001,Green
2022-11-18,NBA,"Nuggets x Mavs ac. 212,5 pts",Total,10,1.64,6.399999999999999,Green
2022-11-18,NBA,"Mavs -7,5",Handicap,10,1.57,5.700000000000001,Green
2022-11-18,NBA,Suns,ML,10,1.86,8.600000000000001,Red
2022-11-18,NBA,"Knicks +9,50",Handicap,10,1.62,6.200000000000003,Red
2022-11-18,NBA,"Lakers x Pistons ab. 229,5 pts",Total,10,1.64,6.399999999999999,Red
2022-11-18,NBA,"Curry ac. 4,5 3pt",3 Pointers,10,2.0,10.0,Green
2022-11-18,NBA,"Wiggins ab. 2,5 ast",Assists,10,1.58,5.800000000000001,Green
2022-11-19,NBA,"Capela ab. 12,5 reb",Rebounds,10,1.86,8.600000000000001,Red
2022-11-19,NBA,"Anunoby ab. 2,5 3pt",3 Pointers,10,1.66,6.599999999999998,Green
2022-11-19,NBA,"Raptors x Hawks ac. 222,5 pts",Total,10,1.64,6.399999999999999,Green
2022-11-19,NBA,"Suggs ac. 5,5 ast",Assists,10,1.62,6.200000000000003,Green
2022-11-19,NBA,"Magic +8,5",Handicap,10,1.62,6.200000000000003,Green
2022-11-19,NBA,"Embiid ac. 1,5 blk",Blocks,5,2.85,9.25,Red
2022-11-19,NBA,"Wolves x Sixers ab. 115,5 pts 1T",Total,10,1.55,5.5,Green
2022-11-19,NBA,"Jazz +6,5",Handicap,10,1.62,6.200000000000003,Green
2022-11-19,NBA,"Spurs x Clippers ac. 216,5 pts",Total,10,1.57,5.700000000000001,Red
2022-11-20,NBA,"Knicks x Suns ac. 223,5 pts",Total,10,1.62,6.200000000000003,Red
2022-11-20,NBA,"Hornets x Wizards ab. 226,5 pts",Total,10,1.54,5.4,Green
2022-11-20,NBA,"Wizards -3,5",Handicap,10,1.64,6.399999999999999,Green
2022-11-20,NBA,"Pistons +11,5",Handicap,10,1.62,6.200000000000003,Green
2022-11-20,NBA,"GSW x Rockets ac. 227,5 pts",Total,10,1.64,6.399999999999999,Green
2022-11-20,NBA,"GSW -8,5",Handicap,10,1.62,6.200000000000003,Red
2022-11-20,NBA,"Grizzlies +9,5",Handicap,10,1.62,6.200000000000003,Red
2022-11-20,NBA,"Cavs -6,5",Handicap,10,1.5,5.0,Green
2022-11-20,NBA,"Mavs -7,5",Handicap,10,1.57,5.700000000000001,Red
2022-11-20,NBA,"Lakers -3,5",Handicap,10,1.5,5.0,Green
2022-11-20,NBA,Combinada,Triple,1,4.33,3.33,Red
2022-11-21,NBA,"Hawks x Cavs ab. 223,5 pts",Total,10,1.62,6.200000000000003,Green
2022-11-21,NBA,"Garland ac. 2,5 3pt",3 Pointers,10,1.64,6.399999999999999,Red
2022-11-21,NBA,"Collins ab. 19,5 pts + reb",Pts + Reb,10,1.86,8.600000000000001,Green
2022-11-21,NBA,"Pacers -4,5",Handicap,10,1.57,5.700000000000001,Green
2022-11-21,NBA,"Haliburton ac. 10,5 ast",Assists,10,1.74,7.399999999999999,Green
2022-11-21,NBA,"Turner ac. 8,5 reb",Rebounds,10,2.0,10.0,Red
2022-11-21,NBA,"Bulls +8,5",Handicap,10,1.55,5.5,Green
2022-11-21,NBA,"Vucevic ac. 10,5 reb",Rebounds,10,1.74,7.399999999999999,Green
2022-11-21,NBA,"Tatum ac. 7,5 reb",Rebounds,10,1.83,8.3,Green
2022-11-21,NBA,"Valanciunas ab. 0,5 roubos",Steals,10,1.64,6.399999999999999,Green
2022-11-21,NBA,"GSW ab. 115,5 pts",Total,10,1.57,5.700000000000001,Green
2022-11-21,NBA,"Pelicans -7,5",Handicap,10,1.57,5.700000000000001,Green
2022-11-21,NBA,"Heat x Wolves ab. 225,5 pts",Total,10,1.55,5.5,Green
2022-11-21,NBA,"McDaniels ab. 1,5 3pt",3 Pointers,10,1.5,5.0,Red
2022-11-21,NBA,"Barrett ab. 3,5 ast",Assists,10,1.62,6.200000000000003,Green
2022-11-21,NBA,"Giddey ab. 1,5 3pt",3 Pointers,10,1.58,5.800000000000001,Green
2022-11-21,NBA,"Knicks +4,5",Handicap,10,1.62,6.200000000000003,Green
2022-11-21,NBA,"Giannis ac. 11,5 reb",Rebounds,10,1.9,9.0,Red
2022-11-21,NBA,"Simons ac. 23,5 pts",Points,10,1.68,6.800000000000001,Green
2022-11-21,NBA,"Bucks -6,5 ",Handicap,10,1.52,5.199999999999999,Green
2022-11-21,NBA,"Jazz +4,5",Handicap,10,1.62,6.200000000000003,Red
2022-11-21,NBA,"Jazz x Clippers ab. 225,5 pts",Total,10,1.66,6.599999999999998,Red
2022-11-21,NBA,"Clippers ab. 115,5 pts",Total,10,1.55,5.5,Red
2022-11-22,NBA,"  76ers +10,5",Handicap,10,1.57,5.700000000000001,Green
2022-11-22,NBA,"Milton ac. 16,5 pts",Points,10,1.86,8.600000000000001,Red
2022-11-22,NBA,"Melton ac. 4,5 ast",Assists,10,1.64,6.399999999999999,Red
2022-11-22,NBA,"Konchar ac 10,5 pts",Points,10,1.86,8.600000000000001,Red
2022-11-22,NBA,"Kings x Grizzlies ac. 229,5 pts",Total,10,1.57,5.700000000000001,Red
2022-11-22,NBA,"Grizzlies +3,5",Handicap,10,1.57,5.700000000000001,Red
2022-11-22,NBA,"Pistons + 14,5",Handicap,10,1.57,5.700000000000001,Green
2022-11-22,NBA,"Gordon ac. 1,5 TO",Turnovers,10,1.74,7.399999999999999,Red
2022-11-22,NBA,"Ivey ac. 1,5 3pt",3 Pointers,10,2.05,10.5,Red
2022-11-22,NBA,"Suns -6,5",Handicap,10,1.52,5.199999999999999,Green
2022-11-22,NBA,"Craig ac. 9,5 pts",Points,10,1.83,8.3,Red
2022-11-22,NBA,"Davis ac. 11,5 reb",Rebounds,10,1.8,8.0,Green
2022-11-22,NBA,"Kings e Suns vencer + Ab. 225,5",Triple,2,4.5,7.0,Green
2022-11-23,NBA,"Pacers x Wolves ac. 241,5 pts",Total,10,1.6,6.0,Red
2022-11-23,NBA,"Haliburton ac. 11,5 ast",Assists,10,1.86,8.600000000000001,Green
2022-11-23,NBA,"Smith ab. 1,5 3pt",3 Pointers,10,1.57,5.700000000000001,Green
2022-11-23,NBA,"Rozier ac. 4,5 ast",Assists,10,1.74,7.399999999999999,Green
2022-11-23,NBA,"Melton ac. 16,5 pts",Points,10,1.86,8.600000000000001,Green
2022-11-23,NBA,"76ers +6,5",Handicap,10,1.66,6.599999999999998,Green
2022-11-23,NBA,"Grant ab. 4,5 reb",Rebounds,10,1.6,6.0,Green
2022-11-23,NBA,"Allen ab. 14,5 pts",Points,10,1.83,8.3,Green
2022-11-23,NBA,"Blazers ac. 99,5 pts",Total,10,1.52,5.199999999999999,Red
2022-11-23,NBA,"Nets x Raptors ac. 217,5 pts",Total,10,1.55,5.5,Red
2022-11-23,NBA,"Nets +5,5",Handicap,10,1.57,5.700000000000001,Green
2022-11-23,NBA,"Brown ac. 2,5 3pt",3 Pointers,10,2.1,11.0,Red
2022-11-23,NBA,"Hardaway Jr ac. 1,5 ast",Assists,10,1.86,8.600000000000001,Green
2022-11-23,NBA,"Celtics -2,5",Handicap,10,1.66,6.599999999999998,Green
2022-11-23,NBA,"Huerter ac. 14,5 pts",Points,10,1.71,7.100000000000001,Red
2022-11-23,NBA,"Collins ab. 7,5 reb",Rebounds,10,1.76,7.600000000000001,Green
2022-11-23,NBA,"Kings x Hawks ab. 245,5 pts",Total,10,1.6,6.0,Green
2022-11-23,NBA,"Heat +3,5",Handicap,10,1.5,5.0,Green
2022-11-23,NBA,"Porzings ac. 1,5 3pt",3 Pointers,10,1.68,6.800000000000001,Green
2022-11-23,NBA,"Adebayo ab. 21,5 pts",Points,10,1.9,9.0,Green
2022-11-23,NBA,"Bucks -4,5 ",Handicap,10,1.57,5.700000000000001,Red
2022-11-23,NBA,"Dosunmu ac. 2,5 reb",Rebounds,10,1.6,6.0,Green
2022-11-23,NBA,"Giannis ac. 4,5 ast",Assists,10,1.57,5.700000000000001,Green
2022-11-23,NBA,"Nuggets +3,5",Handicap,10,1.62,6.200000000000003,Green
2022-11-23,NBA,"Giddey ab. 1,5 3pt",3 Pointers,10,1.45,4.5,Green
2022-11-23,NBA,"Shai ac. 29,5 pts",Points,10,1.9,9.0,Green
2022-11-23,NBA,"Spurs +10,5",Handicap,10,1.52,5.199999999999999,Red
2022-11-23,NBA,"Vassell ac. 19,5 pts",Points,10,1.8,8.0,Green
2022-11-23,NBA,"Valanciunas ac. 11,5 pts",Points,10,1.83,8.3,Green
2022-11-23,NBA,"Markkanen ac. 21,5 pts",Points,10,1.86,8.600000000000001,Red
2022-11-23,NBA,"Ivey ab. 1,5 3pt",3 Pointers,10,1.66,6.599999999999998,Green
2022-11-23,NBA,"Bogdanovic ab. 20,5 pts",Points,10,1.9,9.0,Red
2022-11-23,NBA,"Clippers +11,5",Handicap,10,1.66,6.599999999999998,Red
2022-11-23,NBA,"Curry ac. 4,5 3pt",3 Pointers,10,2.0,10.0,Red
2022-11-23,NBA,Green 7 ast,Assists,10,1.6,6.0,Green
2022-11-25,NBA,"Edwards ac. 5,5 reb",Rebounds,10,2.1,11.0,Red
2022-11-25,NBA,"Hornets +9,5",Handicap,10,1.55,5.5,Green
2022-11-25,NBA,"PJ Washington ac. 1,5 3PT",3 Pointers,10,1.57,5.700000000000001,Red
2022-11-25,NBA,"76ers +6,5",Handicap,10,1.57,5.700000000000001,Green
2022-11-25,NBA,"Melton ac. 17,5 pts",Points,10,1.95,9.5,Red
2022-11-25,NBA,"Magic ac. 104,5 pts",Total,10,1.55,5.5,Red
2022-11-25,NBA,"Barrett ab. 3,5 ast",Assists,10,1.62,6.200000000000003,Red
2022-11-25,NBA,"Simons ab. 24,5 pts",Points,10,1.83,8.3,Red
2022-11-25,NBA,"Brunson ac. 20,5 pts",Points,10,1.86,8.600000000000001,Green
2022-11-25,NBA,"Haliburton ac. 10,5 ast",Assists,10,1.66,6.599999999999998,Green
2022-11-25,NBA,"Oneale ac. 9,5 pts",Points,10,1.76,7.600000000000001,Red
2022-11-25,NBA,"Kyrie ac. 24,5 pts",Points,10,1.86,8.600000000000001,Red
2022-11-25,NBA,"OKC x Bulls ac. 227,5 pts",Total,10,1.55,5.5,Green
2022-11-25,NBA,"Pokusevski ab. 2,5 ast",Assists,10,1.6,6.0,Green
2022-11-25,NBA,"Lavine ac. 2,5 3pt",3 Pointers,10,1.76,7.600000000000001,Green
2022-11-25,NBA,"Mobley ab. 0,5 3pt + Garland pts inf",Pair,10,1.5,5.0,Green
2022-11-25,NBA,"Cavs x Bucks ac. 210,5 pts",Total,10,1.57,5.700000000000001,Green
2022-11-25,NBA,"Lopez ab. 0,5 ast",Assists,10,1.62,6.200000000000003,Red
2022-11-25,NBA,"Rockets ab. 114,5 pts",Total,10,1.62,6.200000000000003,Red
2022-11-25,NBA,"Hawks -6,5",Handicap,10,1.66,6.599999999999998,Red
2022-11-25,NBA,Lakers,ML,10,1.66,6.599999999999998,Green
2022-11-25,NBA,"Davis ac. 11,5 reb",Rebounds,10,1.8,8.0,Green
2022-11-25,NBA,"Vassell ac. 21,5 pts",Points,10,1.83,8.3,Red
2022-11-25,NBA,"Pelicans +6,5",Handicap,10,1.5,5.0,Red
2022-11-25,NBA,"Morant ac. 5,5 reb",Rebounds,10,1.66,6.599999999999998,Red
2022-11-25,NBA,"Valanciunas ab. 13,5 pts",Points,10,1.83,8.3,Green
2022-11-25,NBA,"Brogdon ac. 1,5 3pt",3 Pointers,10,2.1,11.0,Green
2022-11-25,NBA,Sabonis 5 ast,Assists,10,1.54,5.4,Green
2022-11-25,NBA,"Kings x Celtics ab. 243,5 pts",Total,10,1.57,5.700000000000001,Green
2022-11-25,NBA,Combinada,Triple,1,6.07,5.07,Red
2022-11-26,NBA,"Mavs ac. 105,5 pts",Total,10,1.57,5.700000000000001,Red
2022-11-26,NBA,Mavs,ML,10,1.74,7.399999999999999,Red
2022-11-26,NBA,"Doncic ac. 30,5 pts",Points,10,1.8,8.0,Red
2022-11-26,NBA,"Young ac. 20,5 pts + reb + ast",Pts + Reb + Ast,10,1.9,9.0,Red
2022-11-26,NBA,"Keldon ac. 1,5 TO",Turnovers,10,1.6,6.0,Red
2022-11-26,NBA,"Lakers x Spurs ab. 233,5 pts",Total,10,1.76,7.600000000000001,Red
2022-11-26,NBA,Combinada,Triple,1,6.95,5.95,Red
2022-11-26,NBA,"Walker ac. 16,5 pts",Points,10,1.86,8.600000000000001,Green
2022-11-27,NBA,"Heat + 6,5",Handicap,10,1.62,6.200000000000003,Green
2022-11-27,NBA,"Cavs -6,5",Handicap,10,1.62,6.200000000000003,Green
2022-11-27,NBA,Grizzlies,ML,10,1.66,6.599999999999998,Green
2022-11-27,NBA,"76ers +3,5",Handicap,10,1.57,5.700000000000001,Green
2022-11-27,NBA,"Wizards x Celtics ac. 217,5 pts",Total,10,1.62,6.200000000000003,Green
2022-11-27,NBA,Bucks x Mavs,Total,10,1.55,5.5,Green
2022-11-27,NBA,Combinada,Triple,1,5.79,4.79,Red
2022-11-28,NBA,Combinada,Triple,1,4.2,3.2,Red
2022-11-28,NBA,"Hawks ab. 114,5 pts",Total,10,1.43,4.299999999999999,Green
2022-11-28,NBA,76ers,ML,10,1.66,6.599999999999998,Green
2022-11-28,NBA,"Porzings ac. 1,5 3pt",3 Pointers,10,1.58,5.800000000000001,Green
2022-11-28,NBA,"Morris ac. 4,5 ast",Assists,10,1.71,7.100000000000001,Green
2022-11-28,NBA,"Wizards +3,5 ",Handicap,10,1.55,5.5,Green
2022-11-28,NBA,"Celtics x Hornets ac. 218,5 pts",Total,10,1.55,5.5,Green
2022-11-28,NBA,"McDaniels ab. 19,5 pts + reb +ast",Pts + Reb + Ast,10,1.86,8.600000000000001,Red
2022-11-28,NBA,"Tatum ac. 30,5 pts",Points,10,1.86,8.600000000000001,Green
2022-11-28,NBA,Combinada,Pair,10,1.55,5.5,Red
2022-11-28,NBA,"Anunoby ac. 18,5 pts",Points,10,1.83,8.3,Green
2022-11-28,NBA,"Cavs +7,5",Handicap,10,1.62,6.200000000000003,Red
2022-11-28,NBA,"Kyrie ac. 22,5 pts",Points,10,1.68,6.800000000000001,Red
2022-11-28,NBA,"Magic +14,5",Handicap,10,1.52,5.199999999999999,Green
2022-11-28,NBA,"Wagner ab. 4,5 ast",Assists,10,1.8,8.0,Green
2022-11-28,NBA,"Herb Jones ac. 0,5 3pt",3 Pointers,10,1.47,4.699999999999999,Green
2022-11-28,NBA,Shai 30 pontos,Points,10,1.8,8.0,Green
2022-11-28,NBA,"Pelicans -2,5",Handicap,10,1.6,6.0,Green
2022-11-28,NBA,"Jazz ab. 121,5 pts",Total,10,1.62,6.200000000000003,Green
2022-11-28,NBA,"Vucevic ac. 2,5 ast",Assists,10,1.58,5.800000000000001,Red
2022-11-28,NBA,"Clarkson ac. 21,5 pts",Points,10,1.86,8.600000000000001,Red
2022-11-28,NBA,"Gordon ac. 16,5 pts",Points,10,1.86,8.600000000000001,Red
2022-11-28,NBA,"Murray ac. 5,5 ast",Assists,10,1.71,7.100000000000001,Red
2022-11-28,NBA,"Grenn ac. 4,5 ast",Assists,10,2.35,13.5,Green
2022-11-28,NBA,"Suns x Kings ac. 228,5 pts",Total,10,1.54,5.4,Green
2022-11-28,NBA,"Kings +3,5",Handicap,10,1.57,5.700000000000001,Red
2022-11-28,NBA,"Sabonis ac. 5,5 ast",Assists,10,1.64,6.399999999999999,Green
2022-11-28,NBA,"Walker ac. 16,5 pts",Points,10,1.86,8.600000000000001,Red
2022-11-28,NBA,"Davis ac. 12,5 rebotes",Rebounds,10,1.83,8.3,Green
2022-11-28,NBA,"Haliburton ac. 11,5 ast",Assists,10,2.05,10.5,Green
2022-11-29,NBA,"Knicks x Pistons ab. 231,5 pts",Total,10,1.55,5.5,Red
2022-11-29,NBA,"Bagley ac. 5,5 rebotes",Rebounds,10,1.66,6.599999999999998,Green
2022-11-29,NBA,"Brunson ac. 22,5 pts",Points,10,1.76,7.600000000000001,Red
2022-11-29,NBA,Curry 4 3pt,3 Pointers,10,1.52,5.199999999999999,Green
2022-11-29,NBA,"Mavs x GSW ac. 221,5 pts",Total,10,1.54,5.4,Green
2022-11-29,NBA,"Hardaway Jr acb. 9,5 pts",Points,10,1.83,8.3,Red
2022-11-29,NBA,Simons 5 ast,Assists,10,1.62,6.200000000000003,Red
2022-11-29,NBA,"Clippers +6,5",Handicap,10,1.57,5.700000000000001,Green
2022-11-29,NBA,"Clippers x Blazers ac. 205, 5 pts",Total,10,1.52,5.199999999999999,Green
2022-11-29,NBA,Combinada,Pair,1,3.64,2.64,Red
2022-11-30,NBA,"76ers x Cavs ac. 204,5 pts ",Total,10,1.52,5.199999999999999,Red
2022-11-30,NBA,"76ers +5,5",Handicap,10,1.66,6.599999999999998,Red
2022-11-30,NBA,"Milton ac. 16,5 pts",Points,10,1.86,8.600000000000001,Red
2022-11-30,NBA,"Collins ab. 1,5 3pt",3 Pointers,10,1.55,5.5,Green
2022-11-30,NBA,"Wagner ab. 3,5 ast",Assists,10,1.64,6.399999999999999,Green
2022-11-30,NBA,"Magic +9,5",Handicap,10,1.55,5.5,Red
2022-11-30,NBA,"Martin ac. 10,5 pts",Points,10,1.86,8.600000000000001,Red
2022-11-30,NBA,"White ac. 1,5 3pt",3 Pointers,10,1.6,6.0,Green
2022-11-30,NBA,"Celtics -6,5",Handicap,10,1.57,5.700000000000001,Green
2022-11-30,NBA,"Robinson ac. 7,5 reb",Rebounds,10,2.0,10.0,Green
2022-11-30,NBA,"Portis ac. 9,5 reb",Rebounds,10,2.05,10.5,Green
2022-11-30,NBA,"Bucks x Knicks ac. 221,5 pts",Total,10,1.5,5.0,Red
2022-11-30,NBA,"Wizards x Nets ac. 223,5 pts",Total,10,1.57,5.700000000000001,Red
2022-11-30,NBA,"Porzings ac. 1,5 3pt",3 Pointers,10,1.64,6.399999999999999,Green
2022-11-30,NBA,"Durant ab. 6,5 ast",Assists,10,1.71,7.100000000000001,Green
2022-11-30,NBA,"Jackson Jr ab. 7,5 ast e reb",Ast + Reb,10,1.71,7.100000000000001,Red
2022-11-30,NBA,"Edwards ac. 4,5 ast",Assists,10,1.76,7.600000000000001,Red
2022-11-30,NBA,Grizzlies,ML,10,1.71,7.100000000000001,Red
2022-11-30,NBA,"Spurs x OKC AB. 235,5 Pts",Total,10,1.55,5.5,Green
2022-11-30,NBA,"Spurs +5,5 ",Handicap,10,1.62,6.200000000000003,Red
2022-11-30,NBA,"Dort ac. 1,5 3pt",3 Pointers,10,1.58,5.800000000000001,Green
2022-11-30,NBA,"Raptors ab. 115,5 pts",Total,10,1.55,5.5,Green
2022-11-30,NBA,"Valanciunas ac. 11,5 pts",Points,10,1.83,8.3,Green
2022-11-30,NBA,Raptors,ML,10,1.68,6.800000000000001,Red
2022-11-30,NBA,"Pacers ab. 54,5 pts 1T",Total,10,1.76,7.600000000000001,Green
2022-11-30,NBA,"Clippers ab. 26,5 pts 3qt",Total,10,1.9,9.0,Green
2022-11-30,NBA,"Blazers ac. 53,5 pts 1T",Total,10,1.62,6.200000000000003,Green
2022-11-30,NBA,"Kings x Pacers ac. 55,5 pts 3Qt",Total,10,1.52,5.199999999999999,Green
2022-11-30,NBA,Combinada,Triple,1,4.16,3.16,Red
2022-11-30,NBA,Combinada,Triple,1,5.1,4.1,Red
2022-11-30,NBA,Combinada,Triple,1,5.52,4.52,Red
2022-12-01,NBA,"Mavs -6,5",Handicap,10,1.66,6.599999999999998,Red
2022-12-01,NBA,"Mavs x Pistons ac. 216,5 pts",Total,10,1.57,5.700000000000001,Green
2022-12-01,NBA,"Doncic ac. 2,5 3pt",3 Pointers,10,2.05,10.5,Green
2022-12-01,NBA,"Bagley ac. 6,5 reb",Rebounds,10,2.2,12.0,Green
2022-12-01,NBA,"Stewart ac. 10,5 pts",Points,10,1.83,8.3,Red
2022-12-02,NBA,"Porzings ac. 1,5 3pt",3 Pointers,10,1.57,5.700000000000001,Red
2022-12-02,NBA,"Hornets +6,5",Handicap,10,1.55,5.5,Green
2022-12-02,NBA,"Hawks +6,5",Handicap,10,1.51,5.1,Green
2022-12-02,NBA,"Davis ac. 11,5 reb",Rebounds,10,1.86,8.600000000000001,Red
2022-12-02,NBA,"Tatum ac. 29,5 pts",Points,10,1.86,8.600000000000001,Red
2022-12-02,NBA,"Garland ac. 8,5 ast",Assists,10,1.76,7.600000000000001,Red
2022-12-02,NBA,"Magic x Cavs ab. 222,5 pts",Total,10,1.51,5.1,Green
2022-12-02,NBA,"Durant ab. 6,5 ast",Assists,10,1.76,7.600000000000001,Green
2022-12-02,NBA,Vassell 20 pts,Points,10,1.64,6.399999999999999,Green
2022-12-02,NBA,"76ers x Grizzlies ab. 223,5 pts",Total,10,1.54,5.4,Red
2022-12-02,NBA,"Konchar ac. 5,5 reb",Rebounds,10,1.76,7.600000000000001,Green
2022-12-02,NBA,"Smith Jr ac. 0,5 ast",Assists,10,1.52,5.199999999999999,Red
2022-12-02,NBA,"Pacers +7,5",Handicap,10,1.52,5.199999999999999,Red
2022-12-02,NBA,"Markkanen ac. 2,5 3pt",3 Pointers,10,1.66,6.599999999999998,Green
2022-12-02,NBA,Curry 4 3pt,3 Pointers,10,1.47,4.699999999999999,Green
2022-12-02,NBA,Combinada,Triple,1,4.16,3.16,Red
2022-12-03,NBA,"Curry ac. 2,5 3pt",3 Pointers,10,1.74,7.399999999999999,Green
2022-12-03,NBA,"Robinson ac. 7,5 reb",Rebounds,10,1.86,8.600000000000001,Red
2022-12-03,NBA,Mavs,ML,10,1.76,7.600000000000001,Green
2022-12-03,NBA,"Kings x Clippers ab. 222,5 pts",Total,10,1.54,5.4,Red
2022-12-03,NBA,"OKC +7,5",Handicap,10,1.66,6.599999999999998,Green
2022-12-03,NBA,"Raptors -8,5",Handicap,10,1.57,5.700000000000001,Green
2022-12-03,NBA,"Rockets x GSW ac. 229,5 pts",Total,10,1.54,5.4,Red
2022-12-03,NBA,"Jazz -2,5",Handicap,10,1.6,6.0,Red
2022-12-04,NBA,"Nets +5,5",Handicap,10,1.52,5.199999999999999,Red
2022-12-04,NBA,"Bulls +6,5",Handicap,10,1.52,5.199999999999999,Red
2022-12-04,NBA,Cavs,ML,10,1.68,6.800000000000001,Red
2022-12-04,NBA,"Lakers x Wizards ac. 227,5 pts",Total,10,1.54,5.4,Green
2022-12-04,NBA,"Grizzlies -4,5",Handicap,10,1.62,6.200000000000003,Green
2022-12-05,NBA,"Richards ab. 0,5 ast",Assists,10,1.83,8.3,Red
2022-12-05,NBA,Rozier 20 pts,Points,10,1.5,5.0,Green
2022-12-05,NBA,"Clippers -4,5",Handicap,10,1.71,7.100000000000001,Red
2022-12-05,NBA,"Bucks -6,5",Handicap,10,1.52,5.199999999999999,Green
2022-12-05,NBA,"Magic ab. 108,5 pts",Total,10,1.86,8.600000000000001,Green
2022-12-05,NBA,"Giannis ac. 31,5 pts",Points,10,1.86,8.600000000000001,Green
2022-12-05,NBA,Combinada,Triple,1,4.33,3.33,Red
2022-12-05,NBA,Brown 25 pts,Points,10,1.71,7.100000000000001,Red
2022-12-05,NBA,"Celtics +3,5",Handicap,10,1.66,6.599999999999998,Green
2022-12-05,NBA,"Anunoby ac. 1,5 ast",Assists,10,1.68,6.800000000000001,Red
2022-12-05,NBA,"Jalen Williams ac. 9,5 pts",Points,10,1.76,7.600000000000001,Green
2022-12-05,NBA,"Trae ac. 2,5 3pt",3 Pointers,10,2.0,10.0,Red
2022-12-05,NBA,"OKC +8,5",Handicap,10,1.62,6.200000000000003,Green
2022-12-05,NBA,"Heat -2,5",Handicap,10,1.62,6.200000000000003,Red
2022-12-05,NBA,"Grizzlies ab. 107,5 pts",Total,10,1.83,8.3,Green
2022-12-05,NBA,"Tyus Jones ab. 25,5 pts + reb + ast",Pts + Reb + Ast,10,1.83,8.3,Red
2022-12-05,NBA,"Sixers -5,5",Handicap,10,1.57,5.700000000000001,Red
2022-12-05,NBA,"Green ac. 21,5 pts",Points,10,1.86,8.600000000000001,Green
2022-12-05,NBA,"Embiid ac. 3,5 ast",Assists,10,1.74,7.399999999999999,Red
2022-12-06,NBA,"Lakers x Cavs ac. 219,5 pts",Total,10,1.55,5.5,Red
2022-12-06,NBA,"Lakers +8,5",Handicap,10,1.62,6.200000000000003,Red
2022-12-06,NBA,"Schroeder ac. 3,5 ast",Assists,10,1.6,6.0,Red
2022-12-06,NBA,"Pistons ac. 102,5 pts",Total,10,1.5,5.0,Green
2022-12-06,NBA,"Bogdanovic ac. 18,5 pts",Points,10,1.86,8.600000000000001,Green
2022-12-06,NBA,"Strus ab. 2,5 ast",Assists,10,1.64,6.399999999999999,Green
2022-12-06,NBA,"Allen ac. 9,5 reb",Rebounds,10,1.9,9.0,Green
2022-12-06,NBA,Jokic 10 reb,Rebounds,10,1.4,4.0,Red
2022-12-06,NBA,Nuggets   ,ML,10,1.54,5.4,Red
2022-12-06,NBA,"Doncic ac. 2,5 3pt",3 Pointers,10,1.74,7.399999999999999,Green
2022-12-06,NBA,"Pistons x Heat ab. 104,5 pts 1T",Total,10,1.5,5.0,Green
2022-12-06,NBA,Lakers 30 pts,Do Not Score,10,1.55,5.5,Red
2022-12-06,NBA,Combinada,Triple,1,4.83,3.83,Red
